[
    {
      "function": "minecraft:set_enchantments",
      "enchantments": {
        "minecraft:riptide": 1
      },
      "add": true,
      "conditions": [
        {
          "condition": "minecraft:entity_scores",
          "entity": "this",
          "scores": {
            "SOL_Upgarde_Points": {
              "min": 1
            }
          }
        },
        {
          "condition": "minecraft:entity_properties",
          "entity": "this",
          "predicate": {
            "equipment": {
              "mainhand": {
                "predicates": {
                  "minecraft:enchantments": [
                    {
                      "enchantments": "minecraft:riptide",
                      "levels": {
                        "min": 1
                      }
                    }
                  ]
                }
              }
            }
          }
        }
      ]
    },
    {
      "function": "minecraft:set_enchantments",
      "enchantments": {
        "minecraft:mending": 0
      },
      "conditions": [
        {
          "condition": "minecraft:entity_scores",
          "entity": "this",
          "scores": {
            "SOL_Upgarde_Points": {
              "min": 1
            }
          }
        }
      ]
    },
    {
      "function": "minecraft:set_enchantments",
      "enchantments": {
        "sol:overleveled": 1
      },
      "add": false,
      "conditions": [
        {
          "condition": "minecraft:entity_scores",
          "entity": "this",
          "scores": {
            "SOL_Upgarde_Points": {
              "min": 1
            }
          }
        }
      ]
    }
]